sex,mean_grade,se,ci_upper,ci_lower
Female,49.83173076923077,1.6025074892452806,52.97264544815152,46.690816090310015
Male,54.57219251336898,1.6436433068457554,57.79373339478666,51.3506516319513
