estimate,estimate1,estimate2,statistic,p.value,parameter,conf.low,conf.high,method,alternative
-4.740461744138216,49.83173076923077,54.57219251336898,-2.0650572003629564,0.03957700303089976,390.56935604003195,-9.25366127980551,-0.22726220847092177,Welch Two Sample t-test,two.sided
